{
  "name": "weekday",
  "n_samples": 35,
  "n_tokens": 7,
  "cyclic": true,
  "reduce_dim": 16,
  "fit_budget": {
    "steps": 600,
    "n_seeds": 2
  },
  "canonical_headline": {
    "synthetic": true
  },
  "observed": {
    "curved_ev": 0.9159574785772636,
    "linear_L1": 0.6020267167100808,
    "linear_L2": 0.9807851990892935,
    "adjacency": 0.7142857142857143,
    "circ_corr": 0.9653317674654803,
    "pca2d_adjacency": 1.0
  },
  "nulls": {
    "label_perm": {
      "kind": "label-permutation (shuffle cyclic label assignment)",
      "tests": "C2 the recovered angle orders tokens better than chance",
      "n_null": 3000,
      "observed_adjacency": 0.7142857142857143,
      "p_adjacency": 0.039320226591136286,
      "null_hist": {
        "counts": [
          185,
          0,
          0,
          0,
          0,
          580,
          0,
          0,
          0,
          0,
          0,
          924,
          0,
          0,
          0,
          0,
          0,
          781,
          0,
          0,
          0,
          0,
          413,
          0,
          0,
          0,
          0,
          0,
          110,
          0,
          0,
          0,
          0,
          0,
          0,
          0,
          0,
          0,
          0,
          7
        ],
        "edges": [
          0.0,
          0.025,
          0.05,
          0.07500000000000001,
          0.1,
          0.125,
          0.15000000000000002,
          0.17500000000000002,
          0.2,
          0.225,
          0.25,
          0.275,
          0.30000000000000004,
          0.325,
          0.35000000000000003,
          0.375,
          0.4,
          0.42500000000000004,
          0.45,
          0.47500000000000003,
          0.5,
          0.525,
          0.55,
          0.5750000000000001,
          0.6000000000000001,
          0.625,
          0.65,
          0.675,
          0.7000000000000001,
          0.7250000000000001,
          0.75,
          0.775,
          0.8,
          0.8250000000000001,
          0.8500000000000001,
          0.875,
          0.9,
          0.925,
          0.9500000000000001,
          0.9750000000000001,
          1.0
        ]
      },
      "null_adjacency_mean": 0.33438095238095233,
      "null_adjacency_95": 0.5714285714285714,
      "observed_circ_corr": 0.9653317674654803,
      "p_circ_corr": 0.0036654448517160947,
      "null_circ_corr_mean": 0.31859604516676066
    },
    "rotation": {
      "kind": "rotation (random orthonormal basis of the same subspace)",
      "tests": "C2 ordering + C1 EV are basis-real, not PC1/PC2 artifacts",
      "n_null": 10,
      "observed_adjacency": 0.7142857142857143,
      "observed_curved_ev": 0.9159574785772636,
      "rot_adjacency_mean": 0.7714285714285715,
      "rot_adjacency_std": 0.1590789817951435,
      "rot_adjacency_min": 0.5714285714285714,
      "rot_circ_corr_mean": 0.6479975566254946,
      "rot_curved_ev_mean": 0.9333240850995818,
      "rot_curved_ev_std": 0.04206170907853332,
      "label_perm_chance95_adjacency": 0.5714285714285714,
      "basis_real_fraction": 1.0,
      "curved_ev_cv": 0.04506656342635843,
      "null_hist": {
        "counts": [
          2,
          5,
          0,
          0,
          3
        ],
        "edges": [
          0.5714285714285714,
          0.6571428571428571,
          0.7428571428571429,
          0.8285714285714285,
          0.9142857142857143,
          1.0
        ]
      }
    },
    "matched_spectrum": {
      "kind": "matched-spectrum Gaussian (same eigenspectrum, no circle)",
      "tests": "C1 that ONE curved coord reaches 2-PC EV parity is a circle signature, not what a 1-D curve gets on any spectrum",
      "n_null": 24,
      "observed_gap_closed": 0.8288415348355831,
      "p_gap_closed_vs_null": 0.76,
      "null_hist": {
        "counts": [
          2,
          0,
          0,
          0,
          0,
          0,
          1,
          0,
          1,
          0,
          0,
          0,
          0,
          0,
          0,
          1,
          0,
          0,
          0,
          0,
          0,
          1,
          0,
          0,
          0,
          1,
          0,
          0,
          1,
          1,
          0,
          0,
          0,
          2,
          0,
          1,
          0,
          1,
          4,
          7
        ],
        "edges": [
          0.6163644255379761,
          0.6259345974910948,
          0.6355047694442134,
          0.6450749413973321,
          0.6546451133504507,
          0.6642152853035694,
          0.6737854572566881,
          0.6833556292098067,
          0.6929258011629255,
          0.7024959731160442,
          0.7120661450691628,
          0.7216363170222815,
          0.7312064889754002,
          0.7407766609285188,
          0.7503468328816375,
          0.7599170048347561,
          0.7694871767878748,
          0.7790573487409935,
          0.7886275206941121,
          0.7981976926472308,
          0.8077678646003494,
          0.8173380365534682,
          0.8269082085065869,
          0.8364783804597056,
          0.8460485524128242,
          0.8556187243659428,
          0.8651888963190615,
          0.8747590682721802,
          0.8843292402252989,
          0.8938994121784175,
          0.9034695841315362,
          0.9130397560846548,
          0.9226099280377735,
          0.9321800999908922,
          0.9417502719440108,
          0.9513204438971296,
          0.9608906158502482,
          0.9704607878033669,
          0.9800309597564856,
          0.9896011317096043,
          0.9991713036627229
        ]
      },
      "null_gap_closed_mean": 0.898919932324624,
      "null_gap_closed_95": 0.9975732836817711,
      "observed_curved_minus_lin1": 0.31393076186718283,
      "p_curved_beats_lin1_vs_null": 0.52,
      "null_curved_minus_lin1_mean": 0.30945413742667577,
      "observed_curved_minus_lin2": -0.0648277205120299,
      "null_curved_ev_mean": 0.9508160325325977,
      "null_lin1_ev_mean": 0.641361895105922,
      "null_lin2_ev_mean": 0.9820209120049035
    },
    "phase_scramble": {
      "kind": "phase-scramble (preserve power spectrum, randomise phases)",
      "tests": "SUPPLEMENTARY: does the circular ordering require higher-harmonic phase-locking beyond the fundamental? (BSF-style; not the W7 order claim)",
      "n_null": 3000,
      "fundamental_mode_fraction": 0.9997905580082219,
      "phase_locking_significant": false,
      "interpretation": "ordering carried by the low-frequency power spectrum (smoothness); does not require higher-harmonic phase-locking \u2014 fundamental-dominated",
      "observed_pca2d_adjacency": 1.0,
      "p_pca2d_adjacency": 0.984005331556148,
      "null_hist": {
        "counts": [
          6,
          0,
          0,
          0,
          0,
          0,
          0,
          0,
          23,
          0,
          0,
          0,
          0,
          0,
          0,
          0,
          12,
          0,
          0,
          0,
          0,
          0,
          0,
          0,
          7,
          0,
          0,
          0,
          0,
          0,
          0,
          0,
          0,
          0,
          0,
          0,
          0,
          0,
          0,
          2952
        ],