{
  "name": "weekday",
  "n_samples": 35,
  "n_tokens": 7,
  "cyclic": true,
  "reduce_dim": 16,
  "fit_budget": {
    "steps": 600,
    "n_seeds": 2
  },
  "canonical_headline": {
    "layer": 14,
    "curved_ev_insample": 0.5837980431006868,
    "linear_L1_insample": 0.44426608208500673,
    "linear_L2_insample": 0.580473567412497,
    "cyclic_adjacency": 0.7142857142857143,
    "pca2d_adjacency": 0.5714285714285714
  },
  "observed": {
    "curved_ev": 0.5837980431006868,
    "linear_L1": 0.44426608208500673,
    "linear_L2": 0.580473567412497,
    "adjacency": 0.7142857142857143,
    "circ_corr": 0.5453990747714114,
    "pca2d_adjacency": 0.7142857142857143
  },
  "nulls": {
    "label_perm": {
      "kind": "label-permutation (shuffle cyclic label assignment)",
      "tests": "C2 the recovered angle orders tokens better than chance",
      "n_null": 5000,
      "observed_adjacency": 0.7142857142857143,
      "p_adjacency": 0.041591681663667265,
      "null_hist": {
        "counts": [
          311,
          0,
          0,
          0,
          0,
          997,
          0,
          0,
          0,
          0,
          0,
          1536,
          0,
          0,
          0,
          0,
          0,
          1234,
          0,
          0,
          0,
          0,
          715,
          0,
          0,
          0,
          0,
          0,
          194,
          0,
          0,
          0,
          0,
          0,
          0,
          0,
          0,
          0,
          0,
          13
        ],
        "edges": [
          0.0,
          0.025,
          0.05,
          0.07500000000000001,
          0.1,
          0.125,
          0.15000000000000002,
          0.17500000000000002,
          0.2,
          0.225,
          0.25,
          0.275,
          0.30000000000000004,
          0.325,
          0.35000000000000003,
          0.375,
          0.4,
          0.42500000000000004,
          0.45,
          0.47500000000000003,
          0.5,
          0.525,
          0.55,
          0.5750000000000001,
          0.6000000000000001,
          0.625,
          0.65,
          0.675,
          0.7000000000000001,
          0.7250000000000001,
          0.75,
          0.775,
          0.8,
          0.8250000000000001,
          0.8500000000000001,
          0.875,
          0.9,
          0.925,
          0.9500000000000001,
          0.9750000000000001,
          1.0
        ]
      },
      "null_adjacency_mean": 0.3340571428571428,
      "null_adjacency_95": 0.5714285714285714,
      "observed_circ_corr": 0.5453990747714114,
      "p_circ_corr": 0.20095980803839233,
      "null_circ_corr_mean": 0.3317963036030624
    },
    "rotation": {
      "kind": "rotation (random orthonormal basis of the same subspace)",
      "tests": "C2 ordering + C1 EV are basis-real, not PC1/PC2 artifacts",
      "n_null": 32,
      "observed_adjacency": 0.7142857142857143,
      "observed_curved_ev": 0.5837980431006868,
      "rot_adjacency_mean": 0.4107142857142857,
      "rot_adjacency_std": 0.17034628596731172,
      "rot_adjacency_min": 0.14285714285714285,
      "rot_circ_corr_mean": 0.6547953237800831,
      "rot_curved_ev_mean": 0.5822018226637373,
      "rot_curved_ev_std": 0.006783217727872954,
      "label_perm_chance95_adjacency": 0.5714285714285714,
      "basis_real_fraction": 0.21875,
      "curved_ev_cv": 0.011650973019675843,
      "null_hist": {
        "counts": [
          4,
          0,
          0,
          0,
          8,
          0,
          0,
          0,
          13,
          0,
          0,
          0,
          2,
          0,
          0,
          5
        ],
        "edges": [
          0.14285714285714285,
          0.17857142857142855,
          0.21428571428571427,
          0.25,
          0.2857142857142857,
          0.3214285714285714,
          0.3571428571428571,
          0.39285714285714285,
          0.42857142857142855,
          0.46428571428571425,
          0.49999999999999994,
          0.5357142857142857,
          0.5714285714285714,
          0.6071428571428571,
          0.6428571428571428,
          0.6785714285714286,
          0.7142857142857143
        ]
      }
    },
    "matched_spectrum": {
      "kind": "matched-spectrum Gaussian (same eigenspectrum, no circle)",
      "tests": "C1 that ONE curved coord reaches 2-PC EV parity is a circle signature, not what a 1-D curve gets on any spectrum",
      "n_null": 80,
      "observed_gap_closed": 1.024407437522223,
      "p_gap_closed_vs_null": 0.16049382716049382,
      "null_hist": {
        "counts": [
          1,
          0,
          0,
          1,
          0,
          0,
          0,
          1,
          0,
          0,
          2,
          0,
          1,
          2,
          1,
          2,
          5,
          1,
          5,
          8,
          5,
          9,
          4,
          6,
          7,
          6,
          3,
          1,
          4,
          0,
          1,
          0,
          1,
          1,
          0,
          0,
          0,
          1,
          0,
          1
        ],
        "edges": [
          0.6299012162750224,
          0.6449688201265322,
          0.6600364239780421,
          0.6751040278295519,
          0.6901716316810619,
          0.7052392355325717,
          0.7203068393840816,
          0.7353744432355914,
          0.7504420470871013,
          0.7655096509386112,
          0.7805772547901211,
          0.7956448586416309,
          0.8107124624931408,
          0.8257800663446506,
          0.8408476701961605,
          0.8559152740476703,
          0.8709828778991802,
          0.88605048175069,
          0.9011180856022,
          0.9161856894537098,
          0.9312532933052197,
          0.9463208971567296,
          0.9613885010082395,
          0.9764561048597493,
          0.9915237087112592,
          1.006591312562769,
          1.0216589164142789,
          1.0367265202657887,
          1.0517941241172986,
          1.0668617279688084,
          1.0819293318203183,
          1.0969969356718283,
          1.1120645395233382,
          1.127132143374848,
          1.1421997472263579,
          1.1572673510778677,
          1.1723349549293776,
          1.1874025587808874,
          1.2024701626323973,
          1.217537766483907,
          1.232605370335417
        ]
      },
      "null_gap_closed_mean": 0.9523334865464621,
      "null_gap_closed_95": 1.094690476100192,
      "observed_curved_minus_lin1": 0.1395319610156801,
      "p_curved_beats_lin1_vs_null": 0.6172839506172839,
      "null_curved_minus_lin1_mean": 0.15004734865099417,
      "observed_curved_minus_lin2": 0.003324475688189832,
      "null_curved_ev_mean": 0.6083104837451099,
      "null_lin1_ev_mean": 0.4582631350941157,
      "null_lin2_ev_mean": 0.6155923221124415
    },
    "phase_scramble": {
      "kind": "phase-scramble (preserve power spectrum, randomise phases)",
      "tests": "SUPPLEMENTARY: does the circular ordering require higher-harmonic phase-locking beyond the fundamental? (BSF-style; not the W7 order claim)",
      "n_null": 5000,
      "fundamental_mode_fraction": 0.6499848899005755,
      "phase_locking_significant": false,
      "interpretation": "ordering carried by the low-frequency power spectrum (smoothness); does not require higher-harmonic phase-locking \u2014 fundamental-dominated",
      "observed_pca2d_adjacency": 0.7142857142857143,
      "p_pca2d_adjacency": 0.6132773445310937,