{
  "name": "month",
  "n_samples": 60,
  "n_tokens": 12,
  "cyclic": true,
  "reduce_dim": 16,
  "fit_budget": {
    "steps": 600,
    "n_seeds": 2
  },
  "canonical_headline": {
    "layer": 8,
    "curved_ev_insample": 0.5975875388748115,
    "linear_L1_insample": 0.31612642221095855,
    "linear_L2_insample": 0.586001672510143,
    "cyclic_adjacency": 0.8333333333333334,
    "pca2d_adjacency": 1.0
  },
  "observed": {
    "curved_ev": 0.5975875388748115,
    "linear_L1": 0.31612642221095855,
    "linear_L2": 0.586001672510143,
    "adjacency": 0.8333333333333334,
    "circ_corr": 0.5968376535255429,
    "pca2d_adjacency": 1.0
  },
  "nulls": {
    "label_perm": {
      "kind": "label-permutation (shuffle cyclic label assignment)",
      "tests": "C2 the recovered angle orders tokens better than chance",
      "n_null": 5000,
      "observed_adjacency": 0.8333333333333334,
      "p_adjacency": 0.0003999200159968006,
      "null_hist": {
        "counts": [
          460,
          0,
          0,
          1209,
          0,
          0,
          0,
          1430,
          0,
          0,
          0,
          0,
          1099,
          0,
          0,
          553,
          0,
          0,
          0,
          192,
          0,
          0,
          0,
          0,
          46,
          0,
          0,
          0,
          10,
          0,
          0,
          0,
          0,
          0,
          0,
          0,
          0,
          0,
          0,
          1
        ],
        "edges": [
          0.0,
          0.020833333333333336,
          0.04166666666666667,
          0.0625,
          0.08333333333333334,
          0.10416666666666669,
          0.125,
          0.14583333333333334,
          0.16666666666666669,
          0.18750000000000003,
          0.20833333333333337,
          0.22916666666666669,
          0.25,
          0.27083333333333337,
          0.2916666666666667,
          0.31250000000000006,
          0.33333333333333337,
          0.3541666666666667,
          0.37500000000000006,
          0.39583333333333337,
          0.41666666666666674,
          0.43750000000000006,
          0.45833333333333337,
          0.47916666666666674,
          0.5,
          0.5208333333333334,
          0.5416666666666667,
          0.5625000000000001,
          0.5833333333333334,
          0.6041666666666667,
          0.6250000000000001,
          0.6458333333333334,
          0.6666666666666667,
          0.6875000000000001,
          0.7083333333333334,
          0.7291666666666667,
          0.7500000000000001,
          0.7708333333333334,
          0.7916666666666667,
          0.8125000000000001,
          0.8333333333333334
        ]
      },
      "null_adjacency_mean": 0.18156666666666665,
      "null_adjacency_95": 0.3333333333333333,
      "observed_circ_corr": 0.5968376535255429,
      "p_circ_corr": 0.041191761647670466,
      "null_circ_corr_mean": 0.24368659752940772
    },
    "rotation": {
      "kind": "rotation (random orthonormal basis of the same subspace)",
      "tests": "C2 ordering + C1 EV are basis-real, not PC1/PC2 artifacts",
      "n_null": 32,
      "observed_adjacency": 0.8333333333333334,
      "observed_curved_ev": 0.5975875388748115,
      "rot_adjacency_mean": 0.8854166666666667,
      "rot_adjacency_std": 0.15131082339931198,
      "rot_adjacency_min": 0.5833333333333334,
      "rot_circ_corr_mean": 0.4991019536799839,
      "rot_curved_ev_mean": 0.5760278768097336,
      "rot_curved_ev_std": 0.028795314500279157,
      "label_perm_chance95_adjacency": 0.3333333333333333,
      "basis_real_fraction": 1.0,
      "curved_ev_cv": 0.049989446100610305,
      "null_hist": {
        "counts": [
          4,
          0,
          0,
          0,
          0,
          0,
          6,
          0,
          0,
          3,
          0,
          0,
          0,
          0,
          0,
          19
        ],
        "edges": [
          0.5833333333333334,
          0.609375,
          0.6354166666666667,
          0.6614583333333334,
          0.6875,
          0.7135416666666667,
          0.7395833333333334,
          0.765625,
          0.7916666666666667,
          0.8177083333333334,
          0.84375,
          0.8697916666666667,
          0.8958333333333334,
          0.921875,
          0.9479166666666667,
          0.9739583333333333,
          1.0
        ]
      }
    },
    "matched_spectrum": {
      "kind": "matched-spectrum Gaussian (same eigenspectrum, no circle)",
      "tests": "C1 that ONE curved coord reaches 2-PC EV parity is a circle signature, not what a 1-D curve gets on any spectrum",
      "n_null": 80,
      "observed_gap_closed": 1.0429304515765132,
      "p_gap_closed_vs_null": 0.012345679012345678,
      "null_hist": {
        "counts": [
          1,
          0,
          0,
          0,
          0,
          0,
          0,
          0,
          0,
          0,
          0,
          0,
          2,
          0,
          2,
          2,
          2,
          1,
          0,
          1,
          0,
          0,
          2,
          4,
          2,
          4,
          3,
          3,
          8,
          7,
          9,
          6,
          2,
          4,
          2,
          5,
          3,
          1,
          2,
          2
        ],
        "edges": [
          0.8187863709331605,
          0.824141390246909,
          0.8294964095606574,
          0.8348514288744059,
          0.8402064481881543,
          0.8455614675019028,
          0.8509164868156511,
          0.8562715061293996,
          0.8616265254431481,
          0.8669815447568965,
          0.872336564070645,
          0.8776915833843933,
          0.8830466026981418,
          0.8884016220118902,
          0.8937566413256387,
          0.8991116606393872,
          0.9044666799531356,
          0.909821699266884,
          0.9151767185806324,
          0.9205317378943809,
          0.9258867572081293,
          0.9312417765218778,
          0.9365967958356263,
          0.9419518151493746,
          0.9473068344631231,
          0.9526618537768716,
          0.95801687309062,
          0.9633718924043684,
          0.9687269117181169,
          0.9740819310318654,
          0.9794369503456137,
          0.9847919696593622,
          0.9901469889731107,
          0.9955020082868591,
          1.0008570276006075,
          1.006212046914356,
          1.0115670662281044,
          1.0169220855418528,
          1.0222771048556014,
          1.0276321241693498,
          1.0329871434830982
        ]
      },
      "null_gap_closed_mean": 0.9695992854365963,
      "null_gap_closed_95": 1.018570570061417,
      "observed_curved_minus_lin1": 0.281461116663853,
      "p_curved_beats_lin1_vs_null": 0.07407407407407407,
      "null_curved_minus_lin1_mean": 0.24326419893494075,
      "observed_curved_minus_lin2": 0.011585866364668518,
      "null_curved_ev_mean": 0.5950574277611373,
      "null_lin1_ev_mean": 0.35179322882619657,
      "null_lin2_ev_mean": 0.6024481566013352
    },
    "phase_scramble": {
      "kind": "phase-scramble (preserve power spectrum, randomise phases)",
      "tests": "SUPPLEMENTARY: does the circular ordering require higher-harmonic phase-locking beyond the fundamental? (BSF-style; not the W7 order claim)",
      "n_null": 5000,
      "fundamental_mode_fraction": 0.6182147511832973,
      "phase_locking_significant": false,
      "interpretation": "ordering carried by the low-frequency power spectrum (smoothness); does not require higher-harmonic phase-locking \u2014 fundamental-dominated",
      "observed_pca2d_adjacency": 1.0,
      "p_pca2d_adjacency": 0.2943411317736453,