{
  "name": "color",
  "n_samples": 40,
  "n_tokens": 8,
  "cyclic": true,
  "reduce_dim": 16,
  "fit_budget": {
    "steps": 600,
    "n_seeds": 2
  },
  "canonical_headline": {
    "layer": 11,
    "note": "color-name Qwen probe; layer by linear PCA diagnostic (no W7 headline to match)"
  },
  "observed": {
    "curved_ev": 0.8231012404950508,
    "linear_L1": 0.7522065730321801,
    "linear_L2": 0.8231697574460848,
    "adjacency": 0.125,
    "circ_corr": 0.4976835836823794,
    "pca2d_adjacency": 0.125
  },
  "nulls": {
    "label_perm": {
      "kind": "label-permutation (shuffle cyclic label assignment)",
      "tests": "C2 the recovered angle orders tokens better than chance",
      "n_null": 5000,
      "observed_adjacency": 0.125,
      "p_adjacency": 0.9338132373525295,
      "null_hist": {
        "counts": [
          331,
          0,
          0,
          0,
          0,
          1091,
          0,
          0,
          0,
          0,
          1483,
          0,
          0,
          0,
          0,
          1288,
          0,
          0,
          0,
          0,
          576,
          0,
          0,
          0,
          0,
          189,
          0,
          0,
          0,
          0,
          40,
          0,
          0,
          0,
          0,
          0,
          0,
          0,
          0,
          2
        ],
        "edges": [
          0.0,
          0.025,
          0.05,
          0.07500000000000001,
          0.1,
          0.125,
          0.15000000000000002,
          0.17500000000000002,
          0.2,
          0.225,
          0.25,
          0.275,
          0.30000000000000004,
          0.325,
          0.35000000000000003,
          0.375,
          0.4,
          0.42500000000000004,
          0.45,
          0.47500000000000003,
          0.5,
          0.525,
          0.55,
          0.5750000000000001,
          0.6000000000000001,
          0.625,
          0.65,
          0.675,
          0.7000000000000001,
          0.7250000000000001,
          0.75,
          0.775,
          0.8,
          0.8250000000000001,
          0.8500000000000001,
          0.875,
          0.9,
          0.925,
          0.9500000000000001,
          0.9750000000000001,
          1.0
        ]
      },
      "null_adjacency_mean": 0.28565,
      "null_adjacency_95": 0.5,
      "observed_circ_corr": 0.4976835836823794,
      "p_circ_corr": 0.23555288942211558,
      "null_circ_corr_mean": 0.318237468648303
    },
    "rotation": {
      "kind": "rotation (random orthonormal basis of the same subspace)",
      "tests": "C2 ordering + C1 EV are basis-real, not PC1/PC2 artifacts",
      "n_null": 32,
      "observed_adjacency": 0.125,
      "observed_curved_ev": 0.8231012404950508,
      "rot_adjacency_mean": 0.0703125,
      "rot_adjacency_std": 0.08230979494416202,
      "rot_adjacency_min": 0.0,
      "rot_circ_corr_mean": 0.3458749002798391,
      "rot_curved_ev_mean": 0.7438087354601455,
      "rot_curved_ev_std": 0.19236587422015022,
      "label_perm_chance95_adjacency": 0.5,
      "basis_real_fraction": 0.0,
      "curved_ev_cv": 0.2586227682589497,
      "null_hist": {
        "counts": [
          17,
          0,
          0,
          0,
          0,
          0,
          0,
          0,
          12,
          0,
          0,
          0,
          0,
          0,
          0,
          3
        ],
        "edges": [
          0.0,
          0.015625,
          0.03125,
          0.046875,
          0.0625,
          0.078125,
          0.09375,
          0.109375,
          0.125,
          0.140625,
          0.15625,
          0.171875,
          0.1875,
          0.203125,
          0.21875,
          0.234375,
          0.25
        ]
      }
    },
    "matched_spectrum": {
      "kind": "matched-spectrum Gaussian (same eigenspectrum, no circle)",
      "tests": "C1 that ONE curved coord reaches 2-PC EV parity is a circle signature, not what a 1-D curve gets on any spectrum",
      "n_null": 80,
      "observed_gap_closed": 0.9990344718659425,
      "p_gap_closed_vs_null": 0.1111111111111111,
      "null_hist": {
        "counts": [
          2,
          0,
          0,
          0,
          0,
          0,
          0,
          0,
          0,
          0,
          1,
          0,
          0,
          0,
          0,
          0,
          0,
          0,
          0,
          0,
          0,
          0,
          1,
          0,
          0,
          1,
          1,
          1,
          1,
          0,
          0,
          0,
          0,
          3,
          4,
          3,
          7,
          14,
          24,
          17
        ],
        "edges": [
          -2.9079483199348846,
          -2.8087208274223627,
          -2.7094933349098413,
          -2.61026584239732,
          -2.511038349884798,
          -2.4118108573722763,
          -2.312583364859755,
          -2.2133558723472335,
          -2.1141283798347117,
          -2.01490088732219,
          -1.9156733948096685,
          -1.8164459022971469,
          -1.7172184097846253,
          -1.6179909172721036,
          -1.518763424759582,
          -1.4195359322470604,
          -1.3203084397345388,
          -1.2210809472220172,
          -1.1218534547094956,
          -1.022625962196974,
          -0.9233984696844524,
          -0.824170977171931,
          -0.7249434846594092,
          -0.6257159921468873,
          -0.526488499634366,
          -0.42726100712184456,
          -0.32803351460932273,
          -0.2288060220968009,
          -0.1295785295842795,
          -0.030351037071758125,
          0.0688764554407637,
          0.16810394795328554,
          0.2673314404658069,
          0.3665589329783283,
          0.46578642549085014,
          0.565013918003372,
          0.6642414105158934,
          0.7634689030284147,
          0.8626963955409366,
          0.9619238880534584,
          1.0611513805659796
        ]
      },
      "null_gap_closed_mean": 0.6498969710727296,
      "null_gap_closed_95": 1.020421686090334,
      "observed_curved_minus_lin1": 0.07089466746287076,
      "p_curved_beats_lin1_vs_null": 0.4691358024691358,
      "null_curved_minus_lin1_mean": 0.056645196993722655,
      "observed_curved_minus_lin2": -6.851695103393673e-05,
      "null_curved_ev_mean": 0.8074583185257869,
      "null_lin1_ev_mean": 0.7508131215320641,
      "null_lin2_ev_mean": 0.8334346255768276
    },
    "phase_scramble": {
      "kind": "phase-scramble (preserve power spectrum, randomise phases)",
      "tests": "SUPPLEMENTARY: does the circular ordering require higher-harmonic phase-locking beyond the fundamental? (BSF-style; not the W7 order claim)",
      "n_null": 5000,
      "fundamental_mode_fraction": 0.290963420899479,
      "phase_locking_significant": false,
      "interpretation": "ordering carried by the low-frequency power spectrum (smoothness); does not require higher-harmonic phase-locking \u2014 fundamental-dominated",
      "observed_pca2d_adjacency": 0.125,
      "p_pca2d_adjacency": 0.9600079984003199,
      "null_hist": {
        "counts": [
          200,
          0,
          0,
          0,
          0,
          0,
          1109,
          0,
          0,
          0,
          0,
          0,
          0,
          1789,
          0,
          0,
          0,
          0,
          0,
          0,
          1326,
          0,
          0,
          0,
          0,
          0,
          495,
          0,
          0,
          0,
          0,
          0,
          0,
          74,
          0,
          0,
          0,
          0,
          0,
          7
        ],