{
  "thresholds": [
    0.001,
    0.003,
    0.01,
    0.03,
    0.1
  ],
  "per_rank": {
    "rank8": {
      "n_heldout_total": 150,
      "by_threshold": {
        "1e-03": {
          "n": 134,
          "slope": 0.56884309828166,
          "median_ratio": 1.4883481169036008,
          "r2": 0.6224283258972814
        },
        "3e-03": {
          "n": 124,
          "slope": 0.49395693693317666,
          "median_ratio": 1.1284177745241233,
          "r2": 0.5143376181209851
        },
        "1e-02": {
          "n": 117,
          "slope": 0.4357141918491146,
          "median_ratio": 1.0766699686726529,
          "r2": 0.447076153167944
        },
        "3e-02": {
          "n": 107,
          "slope": 0.3511967793437928,
          "median_ratio": 0.8632013428654892,
          "r2": 0.3251522976339367
        },
        "1e-01": {
          "n": 87,
          "slope": 0.1537013967180328,
          "median_ratio": 0.6783259157124609,
          "r2": 0.1027743664362265
        }
      }
    },
    "rank32": {
      "n_heldout_total": 150,
      "by_threshold": {
        "1e-03": {
          "n": 133,
          "slope": 0.5567416113818681,
          "median_ratio": 1.2920273545597514,
          "r2": 0.6036053090074839
        },
        "3e-03": {
          "n": 124,
          "slope": 0.48896749444339777,
          "median_ratio": 1.2178712918570467,
          "r2": 0.5203834557289604
        },
        "1e-02": {
          "n": 117,
          "slope": 0.43189793667659904,
          "median_ratio": 1.1879238871137714,
          "r2": 0.44451657423392776
        },
        "3e-02": {
          "n": 106,
          "slope": 0.34034718087711735,
          "median_ratio": 0.7224036764981581,
          "r2": 0.30726452882404454
        },
        "1e-01": {
          "n": 86,
          "slope": 0.13794309065311766,
          "median_ratio": 0.5762088473358893,
          "r2": 0.08892889848026664
        }
      }
    },
    "rank64": "MISSING"
  }
}