{"probe_order": [0, 1, 2, 3, 4, 5, 6, 7, 8, 9, 10, 11], "probe_angles": [0.02090206418812851, 0.5249231227264689, 1.0056460493730495, 1.4690162844679902, 2.119641410095157, 2.652265013108108, 3.153036221880595, 3.6116258542643633, 4.165428773554662, 4.7094955707041715, 5.163985440967764, 5.752317134860066], "ordering_corr": 0.96, "model": "Qwen3.6-35B", "chart_interp_name": "weekday", "predicted_nats": [0.0, 0.10526315789473684, 0.21052631578947367, 0.3157894736842105, 0.42105263157894735, 0.5263157894736842, 0.631578947368421, 0.7368421052631579, 0.8421052631578947, 0.9473684210526315, 1.0526315789473684, 1.1578947368421053, 1.263157894736842, 1.3684210526315788, 1.4736842105263157, 1.5789473684210527, 1.6842105263157894, 1.789473684210526, 1.894736842105263, 2.0], "measured_kl": [0.020180034546283802, 0.11461038632272394, 0.11347683657633051, 0.3145589360217504, 0.3934699119531121, 0.4528496557069497, 0.5597328961834054, 0.8025947473363315, 0.8513670783346713, 1.2452041647323635, 1.1695779603604828, 1.3020863694167402, 1.3850358593212906, 1.4398543476583001, 1.7013870334853058, 1.7893340592800597, 1.9132046284476798, 2.010407537261057, 1.9049977135305391, 2.2571543749848533], "slope": 1.08, "r2": 0.94}