{"probe_order": [0, 1, 2, 3, 4, 5, 6, 7, 8, 9, 10, 11], "probe_angles": [0.06746111768895263, 0.5273944578478775, 1.1071631520259753, 1.6047002044158625, 2.0855980572213237, 2.6165796368040644, 3.134144663356535, 3.7500177678002786, 4.239119262086303, 4.692940758780514, 5.185990092042723, 5.713803079196352], "ordering_corr": 0.96, "model": "Qwen3.6-35B", "chart_interp_name": "weekday", "predicted_nats": [0.0, 0.10526315789473684, 0.21052631578947367, 0.3157894736842105, 0.42105263157894735, 0.5263157894736842, 0.631578947368421, 0.7368421052631579, 0.8421052631578947, 0.9473684210526315, 1.0526315789473684, 1.1578947368421053, 1.263157894736842, 1.3684210526315788, 1.4736842105263157, 1.5789473684210527, 1.6842105263157894, 1.789473684210526, 1.894736842105263, 2.0], "measured_kl": [0.012961057560055462, 0.1693262749730251, 0.2650109149535076, 0.26025297388063406, 0.4857124944421929, 0.6597797498488842, 0.49033690326617735, 0.703871449950545, 0.8179810641136367, 0.9901272092234384, 1.1360757058449864, 1.1968847846300772, 1.3901349392160887, 1.2255795462638999, 1.6325900199443724, 1.6508517611867588, 2.0193794070376185, 1.8071059913737053, 1.9510453931357907, 2.107511352338172], "slope": 1.08, "r2": 0.94}