{
  "harness": "frontier_bench",
  "dgp": {
    "kind": "curved",
    "p": 48,
    "n_concepts": 12,
    "intrinsic_dim": 1,
    "extrinsic_dim": 2,
    "signal_var": 1.0,
    "noise_std": 0.05,
    "firing_tail": "zipf",
    "zipf_s": 1.2,
    "harmonics": 1,
    "active_mean": 4.0,
    "seed": 0,
    "freq_min": 0.08066666666666666,
    "freq_max": 1.0,
    "support_entropy_bits": 6.844589525280178
  },
  "dgp_freq": [
    1.0,
    0.674,
    0.418,
    0.2713333333333333,
    0.22066666666666668,
    0.15933333333333333,
    0.146,
    0.14133333333333334,
    0.12733333333333333,
    0.10266666666666667,
    0.09066666666666667,
    0.08066666666666666
  ],
  "config": {
    "dgp": "curved",
    "p": 48,
    "n": 1500,
    "concepts": 12,
    "active": 4,
    "active_mean": 4.0,
    "firing_tail": "zipf",
    "zipf_s": 1.2,
    "noise": 0.05,
    "harmonics": 1,
    "k": [
      8,
      16,
      24,
      32
    ],
    "lanes": [
      "curved",
      "manifold_linear"
    ],
    "epochs": 30,
    "n_iter": 8,
    "param_bits": 16.0,
    "seed": 0,
    "test_frac": 0.2
  },
  "matched_distortion_delta2": 0.0118094361791217,
  "results": [
    {
      "cfg": {
        "lane": "curved",
        "K": 8,
        "active": 4,
        "data_npz": "/dev/shm/fr_p48_curved/data.npz",
        "epochs": 30,
        "n_iter": 8,
        "retries": 4
      },
      "ok": true,
      "lane": "curved",
      "K": 8,
      "k_realized": 8,
      "active": 4,
      "p": 48,
      "heldout_ev": 0.3185634809734553,
      "heldout_mse": 0.01436781724126656,
      "train_ev": 0.6095479758337037,
      "mean_l0": 4.0,
      "dv_per_atom": [
        3,
        3,
        3,
        3,
        3,
        3,
        3,
        3
      ],
      "fit_seconds": 206.6,
      "support_entropy_bits": 1.071925468274498,
      "flops": {
        "encode_macs_per_token": 2520.0,
        "decode_macs_per_token": 576.0,
        "infer_macs_per_token": 3096.0,
        "train_macs_total": 89164800.0,
        "decoder_params": 1152.0,
        "mean_dv_per_atom": 3.0,
        "K": 8,
        "passes": 8
      },
      "mdl": {
        "rate_bits_per_coord": 3.210426850652468,
        "code_coord_bits": 12.841707402609872,
        "selection_bits_combinatorial": 6.129283016944966,
        "selection_bits_support_entropy": 1.071925468274498,
        "dict_bits_per_token": 15.36,
        "bits_per_token_combinatorial": 34.33099041955484,
        "bits_per_token_support_entropy": 29.27363287088437
      }
    },
    {
      "cfg": {
        "lane": "curved",
        "K": 16,
        "active": 4,
        "data_npz": "/dev/shm/fr_p48_curved/data.npz",
        "epochs": 30,
        "n_iter": 8,
        "retries": 4
      },
      "ok": true,
      "lane": "curved",
      "K": 16,
      "k_realized": 16,
      "active": 4,
      "p": 48,
      "heldout_ev": 0.23042650936393327,
      "heldout_mse": 0.016226150137914536,
      "train_ev": 0.5574181830792435,
      "mean_l0": 4.0,
      "dv_per_atom": [
        3,
        3,
        3,
        3,
        3,
        3,
        3,
        3,
        3,
        3,
        3,
        3,
        3,
        3,
        3,
        3
      ],
      "fit_seconds": 818.7,
      "support_entropy_bits": 1.1386791246339536,
      "flops": {
        "encode_macs_per_token": 2412.0,
        "decode_macs_per_token": 576.0,
        "infer_macs_per_token": 2988.0,
        "train_macs_total": 86054400.0,
        "decoder_params": 2304.0,
        "mean_dv_per_atom": 3.0,
        "K": 16,
        "passes": 8
      },
      "mdl": {
        "rate_bits_per_coord": 3.210426850652468,
        "code_coord_bits": 12.841707402609872,
        "selection_bits_combinatorial": 10.829722735086058,
        "selection_bits_support_entropy": 1.1386791246339536,
        "dict_bits_per_token": 30.72,
        "bits_per_token_combinatorial": 54.39143013769593,
        "bits_per_token_support_entropy": 44.70038652724382
      }
    },
    {
      "cfg": {
        "lane": "curved",
        "K": 24,
        "active": 4,
        "data_npz": "/dev/shm/fr_p48_curved/data.npz",
        "epochs": 30,
        "n_iter": 8,
        "retries": 4
      },
      "ok": true,
      "lane": "curved",
      "K": 24,
      "k_realized": 24,
      "active": 4,
      "p": 48,
      "heldout_ev": -0.2798161200530018,
      "heldout_mse": 0.02698441249027351,
      "train_ev": 0.4846380799194291,
      "mean_l0": 4.0,
      "dv_per_atom": [
        3,
        3,
        3,
        3,
        3,
        3,
        3,
        3,
        3,
        3,
        3,
        3,
        3,
        3,
        3,
        3,
        3,
        3,
        3,
        3,
        3,
        3,
        3,
        3
      ],
      "fit_seconds": 601.6,
      "support_entropy_bits": 1.6308806040122064,
      "flops": {
        "encode_macs_per_token": 3564.0,
        "decode_macs_per_token": 576.0,
        "infer_macs_per_token": 4140.0,
        "train_macs_total": 119232000.0,
        "decoder_params": 3456.0,
        "mean_dv_per_atom": 3.0,
        "K": 24,
        "passes": 8
      },
      "mdl": {
        "rate_bits_per_coord": 3.210426850652468,
        "code_coord_bits": 12.841707402609872,
        "selection_bits_combinatorial": 13.37531099747307,
        "selection_bits_support_entropy": 1.6308806040122064,
        "dict_bits_per_token": 46.08,
        "bits_per_token_combinatorial": 72.29701840008295,
        "bits_per_token_support_entropy": 60.552588006622074
      }
    },
    {
      "cfg": {
        "lane": "curved",
        "K": 32,
        "active": 4,
        "data_npz": "/dev/shm/fr_p48_curved/data.npz",
        "epochs": 30,
        "n_iter": 8,
        "retries": 4
      },
      "ok": false,
      "error": "timeout>1200s",
      "lane": "curved",
      "K": 32
    },
    {
      "cfg": {
        "lane": "manifold_linear",
        "K": 8,
        "active": 4,
        "data_npz": "/dev/shm/fr_p48_curved/data.npz",
        "epochs": 30,
        "n_iter": 8,
        "retries": 4
      },
      "ok": true,
      "lane": "manifold_linear",
      "K": 8,
      "k_realized": 8,
      "active": 4,
      "p": 48,
      "heldout_ev": 0.43990232152636766,
      "heldout_mse": 0.0118094361791217,
      "train_ev": 0.6136157476397467,
      "mean_l0": 4.0,
      "dv_per_atom": [
        2,
        2,
        2,
        2,
        2,
        2,
        2,
        2
      ],
      "fit_seconds": 74.4,
      "support_entropy_bits": 3.0413792941611395,
      "flops": {
        "encode_macs_per_token": 768.0,
        "decode_macs_per_token": 384.0,
        "infer_macs_per_token": 1152.0,
        "train_macs_total": 33177600.0,
        "decoder_params": 768.0,
        "mean_dv_per_atom": 2.0,
        "K": 8,
        "passes": 8
      },
      "mdl": {
        "rate_bits_per_coord": 3.210426850652468,
        "code_coord_bits": 12.841707402609872,
        "selection_bits_combinatorial": 6.129283016944966,
        "selection_bits_support_entropy": 3.0413792941611395,
        "dict_bits_per_token": 10.24,
        "bits_per_token_combinatorial": 29.21099041955484,
        "bits_per_token_support_entropy": 26.12308669677101
      }
    },
    {
      "cfg": {
        "lane": "manifold_linear",
        "K": 16,
        "active": 4,
        "data_npz": "/dev/shm/fr_p48_curved/data.npz",
        "epochs": 30,
        "n_iter": 8,
        "retries": 4
      },
      "ok": true,
      "lane": "manifold_linear",
      "K": 16,
      "k_realized": 16,
      "active": 4,
      "p": 48,
      "heldout_ev": 0.4385636039447376,
      "heldout_mse": 0.011837662505438945,
      "train_ev": 0.6543758730058076,
      "mean_l0": 4.0,
      "dv_per_atom": [
        2,
        2,
        2,
        2,
        2,
        2,
        2,
        2,
        2,
        2,
        2,
        2,
        2,
        2,
        2,
        2
      ],
      "fit_seconds": 154.9,
      "support_entropy_bits": 3.835942410115767,