{
  "harness": "frontier_bench",
  "dgp": {
    "kind": "linear",
    "p": 48,
    "n_concepts": 12,
    "intrinsic_dim": 1,
    "extrinsic_dim": 1,
    "signal_var": 0.9650768629495544,
    "noise_std": 0.05,
    "firing_tail": "zipf",
    "zipf_s": 1.2,
    "harmonics": 1,
    "active_mean": 4.0,
    "seed": 0,
    "freq_min": 0.08066666666666666,
    "freq_max": 1.0,
    "support_entropy_bits": 6.844589525280178
  },
  "dgp_freq": [
    1.0,
    0.674,
    0.418,
    0.2713333333333333,
    0.22066666666666668,
    0.15933333333333333,
    0.146,
    0.14133333333333334,
    0.12733333333333333,
    0.10266666666666667,
    0.09066666666666667,
    0.08066666666666666
  ],
  "config": {
    "dgp": "linear",
    "p": 48,
    "n": 1500,
    "concepts": 12,
    "active": 4,
    "active_mean": 4.0,
    "firing_tail": "zipf",
    "zipf_s": 1.2,
    "noise": 0.05,
    "harmonics": 1,
    "k": [
      8,
      16,
      24,
      32
    ],
    "lanes": [
      "curved",
      "manifold_linear"
    ],
    "epochs": 30,
    "n_iter": 8,
    "param_bits": 16.0,
    "seed": 0,
    "test_frac": 0.2
  },
  "matched_distortion_delta2": 0.009082428065887958,
  "results": [
    {
      "cfg": {
        "lane": "curved",
        "K": 8,
        "active": 4,
        "data_npz": "/dev/shm/fr_p48_lin/data.npz",
        "epochs": 30,
        "n_iter": 8,
        "retries": 4
      },
      "ok": true,
      "lane": "curved",
      "K": 8,
      "k_realized": 8,
      "active": 4,
      "p": 48,
      "heldout_ev": 0.5408405535379852,
      "heldout_mse": 0.009082428065887958,
      "train_ev": 0.7578950091706639,
      "mean_l0": 4.0,
      "dv_per_atom": [
        3,
        3,
        3,
        3,
        3,
        3,
        3,
        3
      ],
      "fit_seconds": 823.9,
      "support_entropy_bits": 1.7161081059186942,
      "flops": {
        "encode_macs_per_token": 1260.0,
        "decode_macs_per_token": 576.0,
        "infer_macs_per_token": 1836.0,
        "train_macs_total": 52876800.0,
        "decoder_params": 1152.0,
        "mean_dv_per_atom": 3.0,
        "K": 8,
        "passes": 8
      },
      "mdl": {
        "rate_bits_per_coord": 3.372467925663035,
        "code_coord_bits": 13.48987170265214,
        "selection_bits_combinatorial": 6.129283016944966,
        "selection_bits_support_entropy": 1.7161081059186942,
        "dict_bits_per_token": 15.36,
        "bits_per_token_combinatorial": 34.979154719597105,
        "bits_per_token_support_entropy": 30.565979808570834
      }
    },
    {
      "cfg": {
        "lane": "curved",
        "K": 16,
        "active": 4,
        "data_npz": "/dev/shm/fr_p48_lin/data.npz",
        "epochs": 30,
        "n_iter": 8,
        "retries": 4
      },
      "ok": true,
      "lane": "curved",
      "K": 16,
      "k_realized": 16,
      "active": 4,
      "p": 48,
      "heldout_ev": -0.06851296067874979,
      "heldout_mse": 0.02113577794731609,
      "train_ev": 0.35224903808483876,
      "mean_l0": 4.0,
      "dv_per_atom": [
        3,
        3,
        3,
        3,
        3,
        3,
        3,
        3,
        3,
        3,
        3,
        3,
        3,
        3,
        3,
        3
      ],
      "fit_seconds": 240.7,
      "support_entropy_bits": 5.21250551228749,
      "flops": {
        "encode_macs_per_token": 2412.0,
        "decode_macs_per_token": 576.0,
        "infer_macs_per_token": 2988.0,
        "train_macs_total": 86054400.0,
        "decoder_params": 2304.0,
        "mean_dv_per_atom": 3.0,
        "K": 16,
        "passes": 8
      },
      "mdl": {
        "rate_bits_per_coord": 3.372467925663035,
        "code_coord_bits": 13.48987170265214,
        "selection_bits_combinatorial": 10.829722735086058,
        "selection_bits_support_entropy": 5.21250551228749,
        "dict_bits_per_token": 30.72,
        "bits_per_token_combinatorial": 55.039594437738195,
        "bits_per_token_support_entropy": 49.42237721493963
      }
    },
    {
      "cfg": {
        "lane": "curved",
        "K": 24,
        "active": 4,
        "data_npz": "/dev/shm/fr_p48_lin/data.npz",
        "epochs": 30,
        "n_iter": 8,
        "retries": 4
      },
      "ok": true,
      "lane": "curved",
      "K": 24,
      "k_realized": 24,
      "active": 4,
      "p": 48,
      "heldout_ev": -0.03969550687838175,
      "heldout_mse": 0.02056575275628358,
      "train_ev": 0.09906229216954332,
      "mean_l0": 4.0,
      "dv_per_atom": [
        3,
        3,
        3,
        3,
        3,
        3,
        3,
        3,
        3,
        3,
        3,
        3,
        3,
        3,
        3,
        3,
        3,
        3,
        3,
        3,
        3,
        3,
        3,
        3
      ],
      "fit_seconds": 569.3,
      "support_entropy_bits": 6.909982138654062,
      "flops": {
        "encode_macs_per_token": 3564.0,
        "decode_macs_per_token": 576.0,
        "infer_macs_per_token": 4140.0,
        "train_macs_total": 119232000.0,
        "decoder_params": 3456.0,
        "mean_dv_per_atom": 3.0,
        "K": 24,
        "passes": 8
      },
      "mdl": {
        "rate_bits_per_coord": 3.372467925663035,
        "code_coord_bits": 13.48987170265214,
        "selection_bits_combinatorial": 13.37531099747307,
        "selection_bits_support_entropy": 6.909982138654062,
        "dict_bits_per_token": 46.08,
        "bits_per_token_combinatorial": 72.9451827001252,
        "bits_per_token_support_entropy": 66.47985384130621
      }
    },
    {
      "cfg": {
        "lane": "curved",
        "K": 32,
        "active": 4,
        "data_npz": "/dev/shm/fr_p48_lin/data.npz",
        "epochs": 30,
        "n_iter": 8,
        "retries": 4
      },
      "ok": false,
      "error": "timeout>1200s",
      "lane": "curved",
      "K": 32
    },
    {
      "cfg": {
        "lane": "manifold_linear",
        "K": 8,
        "active": 4,
        "data_npz": "/dev/shm/fr_p48_lin/data.npz",
        "epochs": 30,
        "n_iter": 8,
        "retries": 4
      },
      "ok": true,
      "lane": "manifold_linear",
      "K": 8,
      "k_realized": 8,
      "active": 4,
      "p": 48,
      "heldout_ev": 0.48396510819838456,
      "heldout_mse": 0.010207455863949392,
      "train_ev": 0.805704882149497,
      "mean_l0": 4.0,
      "dv_per_atom": [
        2,
        2,
        2,
        2,
        2,
        2,
        2,
        2
      ],
      "fit_seconds": 74.1,
      "support_entropy_bits": 4.800982658925131,
      "flops": {
        "encode_macs_per_token": 768.0,
        "decode_macs_per_token": 384.0,
        "infer_macs_per_token": 1152.0,
        "train_macs_total": 33177600.0,
        "decoder_params": 768.0,
        "mean_dv_per_atom": 2.0,
        "K": 8,
        "passes": 8
      },
      "mdl": {
        "rate_bits_per_coord": 3.372467925663035,
        "code_coord_bits": 13.48987170265214,
        "selection_bits_combinatorial": 6.129283016944966,
        "selection_bits_support_entropy": 4.800982658925131,
        "dict_bits_per_token": 10.24,
        "bits_per_token_combinatorial": 29.859154719597107,
        "bits_per_token_support_entropy": 28.53085436157727
      }
    },
    {
      "cfg": {
        "lane": "manifold_linear",
        "K": 16,
        "active": 4,
        "data_npz": "/dev/shm/fr_p48_lin/data.npz",
        "epochs": 30,
        "n_iter": 8,
        "retries": 4
      },
      "ok": true,
      "lane": "manifold_linear",
      "K": 16,
      "k_realized": 16,
      "active": 4,
      "p": 48,
      "heldout_ev": 0.5182726421060538,
      "heldout_mse": 0.00952883384879676,
      "train_ev": 0.8460527406034034,
      "mean_l0": 4.0,
      "dv_per_atom": [
        2,
        2,
        2,
        2,
        2,
        2,
        2,
        2,
        2,
        2,
        2,
        2,
        2,
        2,
        2,
        2
      ],
      "fit_seconds": 175.2,
      "support_entropy_bits": 6.602018039461001,