{"kind": "label-permutation (shuffle cyclic label assignment)", "tests": "C2 the recovered angle orders tokens better than chance", "n_null": 5000, "observed_adjacency": 0.125, "p_adjacency": 0.9338132373525295, "null_hist": {"counts": [331, 0, 0, 0, 0, 1091, 0, 0, 0, 0, 1483, 0, 0, 0, 0, 1288, 0, 0, 0, 0, 576, 0, 0, 0, 0, 189, 0, 0, 0, 0, 40, 0, 0, 0, 0, 0, 0, 0, 0, 2], "edges": [0.0, 0.025, 0.05, 0.07500000000000001, 0.1, 0.125, 0.15000000000000002, 0.17500000000000002, 0.2, 0.225, 0.25, 0.275, 0.30000000000000004, 0.325, 0.35000000000000003, 0.375, 0.4, 0.42500000000000004, 0.45, 0.47500000000000003, 0.5, 0.525, 0.55, 0.5750000000000001, 0.6000000000000001, 0.625, 0.65, 0.675, 0.7000000000000001, 0.7250000000000001, 0.75, 0.775, 0.8, 0.8250000000000001, 0.8500000000000001, 0.875, 0.9, 0.925, 0.9500000000000001, 0.9750000000000001, 1.0]}, "null_adjacency_mean": 0.28565, "null_adjacency_95": 0.5, "observed_circ_corr": 0.4976835836823794, "p_circ_corr": 0.23555288942211558, "null_circ_corr_mean": 0.318237468648303}