{"kind": "phase-scramble (preserve power spectrum, randomise phases)", "tests": "SUPPLEMENTARY: does the circular ordering require higher-harmonic phase-locking beyond the fundamental? (BSF-style; not the W7 order claim)", "n_null": 5000, "fundamental_mode_fraction": 0.290963420899479, "phase_locking_significant": false, "interpretation": "ordering carried by the low-frequency power spectrum (smoothness); does not require higher-harmonic phase-locking \u2014 fundamental-dominated", "observed_pca2d_adjacency": 0.125, "p_pca2d_adjacency": 0.9600079984003199, "null_hist": {"counts": [200, 0, 0, 0, 0, 0, 1109, 0, 0, 0, 0, 0, 0, 1789, 0, 0, 0, 0, 0, 0, 1326, 0, 0, 0, 0, 0, 495, 0, 0, 0, 0, 0, 0, 74, 0, 0, 0, 0, 0, 7], "edges": [0.0, 0.01875, 0.0375, 0.056249999999999994, 0.075, 0.09375, 0.11249999999999999, 0.13125, 0.15, 0.16874999999999998, 0.1875, 0.20625, 0.22499999999999998, 0.24375, 0.2625, 0.28125, 0.3, 0.31875, 0.33749999999999997, 0.35625, 0.375, 0.39375, 0.4125, 0.43124999999999997, 0.44999999999999996, 0.46875, 0.4875, 0.50625, 0.525, 0.54375, 0.5625, 0.5812499999999999, 0.6, 0.61875, 0.6375, 0.65625, 0.6749999999999999, 0.69375, 0.7125, 0.73125, 0.75]}, "null_pca2d_adjacency_mean": 0.276425, "null_pca2d_adjacency_95": 0.5}