{"kind": "label-permutation (shuffle cyclic label assignment)", "tests": "C2 the recovered angle orders tokens better than chance", "n_null": 5000, "observed_adjacency": 0.8333333333333334, "p_adjacency": 0.0003999200159968006, "null_hist": {"counts": [460, 0, 0, 1209, 0, 0, 0, 1430, 0, 0, 0, 0, 1099, 0, 0, 553, 0, 0, 0, 192, 0, 0, 0, 0, 46, 0, 0, 0, 10, 0, 0, 0, 0, 0, 0, 0, 0, 0, 0, 1], "edges": [0.0, 0.020833333333333336, 0.04166666666666667, 0.0625, 0.08333333333333334, 0.10416666666666669, 0.125, 0.14583333333333334, 0.16666666666666669, 0.18750000000000003, 0.20833333333333337, 0.22916666666666669, 0.25, 0.27083333333333337, 0.2916666666666667, 0.31250000000000006, 0.33333333333333337, 0.3541666666666667, 0.37500000000000006, 0.39583333333333337, 0.41666666666666674, 0.43750000000000006, 0.45833333333333337, 0.47916666666666674, 0.5, 0.5208333333333334, 0.5416666666666667, 0.5625000000000001, 0.5833333333333334, 0.6041666666666667, 0.6250000000000001, 0.6458333333333334, 0.6666666666666667, 0.6875000000000001, 0.7083333333333334, 0.7291666666666667, 0.7500000000000001, 0.7708333333333334, 0.7916666666666667, 0.8125000000000001, 0.8333333333333334]}, "null_adjacency_mean": 0.18156666666666665, "null_adjacency_95": 0.3333333333333333, "observed_circ_corr": 0.5968376535255429, "p_circ_corr": 0.041191761647670466, "null_circ_corr_mean": 0.24368659752940772}