{"kind": "phase-scramble (preserve power spectrum, randomise phases)", "tests": "SUPPLEMENTARY: does the circular ordering require higher-harmonic phase-locking beyond the fundamental? (BSF-style; not the W7 order claim)", "n_null": 5000, "fundamental_mode_fraction": 0.6182147511832973, "phase_locking_significant": false, "interpretation": "ordering carried by the low-frequency power spectrum (smoothness); does not require higher-harmonic phase-locking \u2014 fundamental-dominated", "observed_pca2d_adjacency": 1.0, "p_pca2d_adjacency": 0.2943411317736453, "null_hist": {"counts": [260, 0, 0, 673, 0, 0, 1330, 0, 0, 0, 270, 0, 0, 227, 0, 0, 139, 0, 0, 0, 79, 0, 0, 61, 0, 0, 102, 0, 0, 0, 70, 0, 0, 318, 0, 0, 0, 0, 0, 1471], "edges": [0.0, 0.025, 0.05, 0.07500000000000001, 0.1, 0.125, 0.15000000000000002, 0.17500000000000002, 0.2, 0.225, 0.25, 0.275, 0.30000000000000004, 0.325, 0.35000000000000003, 0.375, 0.4, 0.42500000000000004, 0.45, 0.47500000000000003, 0.5, 0.525, 0.55, 0.5750000000000001, 0.6000000000000001, 0.625, 0.65, 0.675, 0.7000000000000001, 0.7250000000000001, 0.75, 0.775, 0.8, 0.8250000000000001, 0.8500000000000001, 0.875, 0.9, 0.925, 0.9500000000000001, 0.9750000000000001, 1.0]}, "null_pca2d_adjacency_mean": 0.4820833333333334, "null_pca2d_adjacency_95": 1.0}