{
  "observed": {
    "curved_ev": 0.5837980431006868,
    "linear_L1": 0.44426608208500673,
    "linear_L2": 0.580473567412497,
    "adjacency": 0.7142857142857143,
    "circ_corr": 0.5453990747714114,
    "pca2d_adjacency": 0.7142857142857143
  },
  "canonical": {
    "layer": 14,
    "curved_ev_insample": 0.5837980431006868,
    "linear_L1_insample": 0.44426608208500673,
    "linear_L2_insample": 0.580473567412497,
    "cyclic_adjacency": 0.7142857142857143,
    "pca2d_adjacency": 0.5714285714285714
  },
  "n_labels": 7,
  "cyclic": true,
  "reduce_dim": 16,
  "n_samples": 35,
  "fit_budget": {
    "steps": 600,
    "n_seeds": 2
  }
}