{"kind": "phase-scramble (preserve power spectrum, randomise phases)", "tests": "SUPPLEMENTARY: does the circular ordering require higher-harmonic phase-locking beyond the fundamental? (BSF-style; not the W7 order claim)", "n_null": 5000, "fundamental_mode_fraction": 0.6499848899005755, "phase_locking_significant": false, "interpretation": "ordering carried by the low-frequency power spectrum (smoothness); does not require higher-harmonic phase-locking \u2014 fundamental-dominated", "observed_pca2d_adjacency": 0.7142857142857143, "p_pca2d_adjacency": 0.6132773445310937, "null_hist": {"counts": [27, 0, 0, 0, 0, 0, 243, 0, 0, 0, 0, 0, 0, 792, 0, 0, 0, 0, 0, 0, 872, 0, 0, 0, 0, 0, 2252, 0, 0, 0, 0, 0, 0, 0, 0, 0, 0, 0, 0, 814], "edges": [0.14285714285714285, 0.16428571428571428, 0.18571428571428572, 0.20714285714285713, 0.22857142857142856, 0.25, 0.2714285714285714, 0.2928571428571428, 0.3142857142857143, 0.33571428571428574, 0.35714285714285715, 0.37857142857142856, 0.39999999999999997, 0.42142857142857143, 0.44285714285714284, 0.4642857142857143, 0.4857142857142857, 0.5071428571428571, 0.5285714285714286, 0.55, 0.5714285714285714, 0.5928571428571429, 0.6142857142857143, 0.6357142857142857, 0.657142857142857, 0.6785714285714286, 0.7, 0.7214285714285715, 0.7428571428571429, 0.7642857142857142, 0.7857142857142858, 0.8071428571428572, 0.8285714285714285, 0.8500000000000001, 0.8714285714285714, 0.8928571428571428, 0.9142857142857144, 0.9357142857142857, 0.9571428571428571, 0.9785714285714286, 1.0]}, "null_pca2d_adjacency_mean": 0.6667142857142858, "null_pca2d_adjacency_95": 1.0}