{"kind": "label-permutation (shuffle cyclic label assignment)", "tests": "C2 the recovered angle orders tokens better than chance", "n_null": 5000, "observed_adjacency": 0.7142857142857143, "p_adjacency": 0.041591681663667265, "null_hist": {"counts": [311, 0, 0, 0, 0, 997, 0, 0, 0, 0, 0, 1536, 0, 0, 0, 0, 0, 1234, 0, 0, 0, 0, 715, 0, 0, 0, 0, 0, 194, 0, 0, 0, 0, 0, 0, 0, 0, 0, 0, 13], "edges": [0.0, 0.025, 0.05, 0.07500000000000001, 0.1, 0.125, 0.15000000000000002, 0.17500000000000002, 0.2, 0.225, 0.25, 0.275, 0.30000000000000004, 0.325, 0.35000000000000003, 0.375, 0.4, 0.42500000000000004, 0.45, 0.47500000000000003, 0.5, 0.525, 0.55, 0.5750000000000001, 0.6000000000000001, 0.625, 0.65, 0.675, 0.7000000000000001, 0.7250000000000001, 0.75, 0.775, 0.8, 0.8250000000000001, 0.8500000000000001, 0.875, 0.9, 0.925, 0.9500000000000001, 0.9750000000000001, 1.0]}, "null_adjacency_mean": 0.3340571428571428, "null_adjacency_95": 0.5714285714285714, "observed_circ_corr": 0.5453990747714114, "p_circ_corr": 0.20095980803839233, "null_circ_corr_mean": 0.3317963036030624}