{
  "layer": 25,
  "entity": {
    "r2": 0.5414883122027125,
    "edf": 10.644402198200824,
    "lambda": 506.54159141893314,
    "n": 34
  },
  "qualia": {
    "r2": 0.3506667673391092,
    "edf": 3.6658948484156846,
    "lambda": 0.22098104988907516,
    "n": 508
  }
}