{
  "n": 70,
  "vocab": 1125,
  "captured_mass": [
    0.9955811500549316,
    0.9999954700469971
  ],
  "circular_corr_act_vs_beh": 0.13686726096809926,
  "behavior_tangent_top2_ev": 0.5482875194103839,
  "pullback_activation_ev": 0.1285532704856146,
  "kl_same_weekday": 1.4802941726742762,
  "kl_same_template": 0.1912123419869546,
  "kl_all": 1.3817286166486833,
  "n_calibration_pairs": 210,
  "order_by_activation": [
    6,
    6,
    6,
    6,
    6,
    6,
    6,
    6,
    6,
    6,
    0,
    0,
    0,
    0,
    0,
    0,
    0,
    0,
    0,
    0,
    1,
    1,
    1,
    1,
    1,
    1,
    1,
    1,
    1,
    1,
    2,
    2,
    2,
    2,
    2,
    2,
    2,
    2,
    2,
    2,
    3,
    3,
    3,
    3,
    3,
    3,
    3,
    3,
    3,
    3,
    4,
    4,
    4,
    4,
    4,
    4,
    4,
    4,
    4,
    4,
    5,
    5,
    5,
    5,
    5,
    5,
    5,
    5,
    5,
    5
  ],
  "order_by_behavior": [
    5,
    4,
    5,
    0,
    4,
    1,
    4,
    4,
    3,
    2,
    1,
    1,
    6,
    5,
    6,
    3,
    5,
    4,
    0,
    5,
    1,
    0,
    5,
    0,
    6,
    2,
    0,
    2,
    0,
    5,
    3,
    3,
    1,
    2,
    2,
    2,
    1,
    3,
    6,
    2,
    6,
    6,
    0,
    1,
    4,
    0,
    4,
    3,
    3,
    1,
    2,
    2,
    0,
    3,
    1,
    3,
    4,
    3,
    2,
    4,
    1,
    5,
    6,
    6,
    0,
    6,
    5,
    5,
    6,
    4
  ],
  "calibration_behavior_first": {
    "n": 209,
    "log_slope": 1.2928794531727659,
    "log_intercept": -1.0961250085566712,
    "log_r2": 0.1866287772166464,
    "ratio_median": 0.5998343830414395,
    "mean_abs_log_ratio": 3.124775031364379
  },
  "calibration_activation_first": {
    "n": 210,
    "log_slope": 0.12885790311595402,
    "log_intercept": -2.003806793857042,
    "log_r2": 0.03949312978186781,
    "ratio_median": 1.381289830999785,
    "mean_abs_log_ratio": 1.3430857295216074
  }
}