{
  "base_norm_cv": 0.1473862571351998,
  "rows": [
    {
      "inject": 0.0,
      "norm_cv": 0.1473862571351998,
      "flat_hh": 0.6282332879068264,
      "flat_radial_rms": 1.602545297567863,
      "flat_total_rms": 1.0644812734757814,
      "sphere_hh": 0.5871448028353898,
      "sphere_radial_rms": 0.01303151107528531,
      "sphere_total_rms": 0.02714221254165396
    },
    {
      "inject": 0.2,
      "norm_cv": 0.22314775698122255,
      "flat_hh": 0.5113094152724091,
      "flat_radial_rms": 3.445517491928414,
      "flat_total_rms": 1.7700308972511514,
      "sphere_hh": 0.58714480283539,
      "sphere_radial_rms": 0.013031511075284863,
      "sphere_total_rms": 0.027142212541653964
    },
    {
      "inject": 0.4,
      "norm_cv": 0.35009854274315244,
      "flat_hh": 0.45646374264684975,
      "flat_radial_rms": 4.490887478962752,
      "flat_total_rms": 2.510172429793657,
      "sphere_hh": 0.5871448028353922,
      "sphere_radial_rms": 0.013031511075285114,
      "sphere_total_rms": 0.02714221254165395
    }
  ],
  "sphere_decoder_rel_change": [
    1.9069952737140966e-14,
    7.96676361530336e-15
  ],
  "flat_decoder_bends": -0.17176954525997667
}