{
  "rank_sensitivity": {
    "rank8": {
      "degree": 2,
      "degree_concentration": 0.6476690353305329,
      "isometry_defect": 4.681373456787548,
      "isometry_defect_se": 1.4531505429699363,
      "topology_preserved": false,
      "rotation_offset": 2.3905188740948873,
      "r2_L20": 0.5193716472216809,
      "r2_L21": 0.5224520528690604
    },
    "rank16": {
      "degree": 1,
      "degree_concentration": 0.5959566707987819,
      "isometry_defect": 1.9493099446308901,
      "isometry_defect_se": 0.15337476406857065,
      "topology_preserved": false,
      "rotation_offset": 0.20277326837783285,
      "r2_L20": 0.44375456451901496,
      "r2_L21": 0.43261774678506326
    },
    "rank24": {
      "degree": 1,
      "degree_concentration": 0.8355261613888404,
      "isometry_defect": 1.152254554544573,
      "isometry_defect_se": 0.14433197454975677,
      "topology_preserved": false,
      "rotation_offset": 0.03065079379658583,
      "r2_L20": 0.396244619297104,
      "r2_L21": 0.39578944056402565
    }
  },
  "winding": {
    "concentration_by_k": {
      "-2": 0.17467366928738795,
      "-1": 0.06795731676667544,
      "1": 0.5830221334152177,
      "2": 0.6476690353305327
    },
    "scatter_theta20": [
      3.875038589116013,
      3.5518718585019786,
      3.3465064367835815,
      2.4501456505730737,
      3.3853330717556895,
      5.972041253053579,
      5.101009503334348,
      3.889936563217158,
      3.604244746444872,
      3.2427017268609672,
      2.343138034232643,
      3.3853331199905963,
      6.057116689227467,
      4.95814716523958,
      3.9181816140186556,
      3.5595339035891014,
      3.3344656219886044,
      2.4529567074757157,
      3.3853330844599654,
      6.033742152931291,
      5.054301144025992,
      3.8579230063106005,
      3.5693253169074315,
      3.225085625166047,
      2.453772253110695,
      3.3853330474673067,
      5.959915184904358,
      5.017388987624322,
      3.8432778998447965,
      3.544790186451375,
      3.352355948907843,
      2.5759631760197923,
      3.3853330447434358,
      5.935309111509953,
      5.10266551669161,
      3.901311200456713,
      3.5405767516319706,
      3.202134428913687,
      2.17697820338868,
      3.385333072560978,
      5.989996558120198,
      4.9488337128867315,
      3.9489729359569146,
      3.5568480754036234,
      3.285352870337385,
      2.2709123875219355,
      3.385333023793714,
      6.027989275061009,
      4.973121337160428,
      3.8450477511798455,
      3.6083353454832214,
      3.246833944510941,
      2.1896143278999407,
      3.3853331082080533,
      5.991376598810973,
      4.941783166004803,
      3.8421928768310556,
      3.5191386036716943,
      3.329449420533381,
      2.394862051342658,
      3.3853329600192836,
      5.869568323544243,
      5.048233059739136,
      3.9283851597135673,
      3.6373998022231984,
      3.1916247316116513,
      2.5089490027126597,
      3.3853330407275566,
      6.0227045161013475,
      4.814534528245327
    ],
    "scatter_theta21": [
      4.69255439074247,
      3.8766359527205685,
      3.0197684786209704,
      1.7986917522906853,
      1.5704966384076184,
      1.0460569412410734,
      5.396236288978563,
      4.741713468360158,
      4.129134215137341,
      2.9631097493399796,
      1.7684292787140812,
      1.5436195941505229,
      1.2044763650386432,
      5.274759508466282,
      4.699782011381751,
      3.960178680505895,
      2.9629166240038938,
      1.7704247052968574,
      1.5589602997695413,
      1.0413388167837725,
      5.335603229710192,
      4.702210045146615,
      3.8915179706791205,
      2.8736313195649235,
      1.7503452463451328,
      1.5649181416534803,
      1.0966287941987056,
      5.27104911867292,
      4.693043852690321,
      3.748601573080512,
      2.9240610062032557,
      1.795824693349095,
      1.58219588835332,
      1.0242658510037168,
      5.364107842896523,
      4.735306400975585,
      3.6881864969069467,
      2.831308669480019,
      1.732230447861881,
      1.544717774364014,
      1.0679950212735976,
      5.265086142172062,
      4.736617064778701,
      3.8210312804983335,
      3.0117390605843823,
      1.7333696863324526,
      1.5534953643071654,
      1.1448027985629154,
      5.260203585659601,
      4.689024919641195,
      4.091365216406833,
      2.951982898776958,
      1.7377837612699956,
      1.542439636114367,
      1.1335581629371825,
      5.254802987478198,
      4.684820690502497,
      6.066109230467989,
      2.7208292017285256,
      1.7630886953592737,
      1.5712661030407389,
      1.049268055953873,
      5.317303419524763,
      4.767378824781844,
      4.1901863458927915,
      2.8803417304648953,
      1.791507149067108,
      1.548910890954893,
      1.112575411709624,
      5.18127205036035
    ],
    "day": [
      0,
      1,
      2,
      3,
      4,
      5,
      6,
      0,
      1,
      2,
      3,
      4,
      5,
      6,
      0,
      1,
      2,
      3,
      4,
      5,
      6,
      0,
      1,
      2,
      3,
      4,
      5,
      6,
      0,
      1,
      2,
      3,
      4,
      5,
      6,
      0,
      1,
      2,
      3,
      4,
      5,
      6,
      0,
      1,
      2,
      3,
      4,
      5,
      6,
      0,
      1,
      2,
      3,
      4,
      5,
      6,
      0,
      1,
      2,
      3,
      4,
      5,
      6,
      0,
      1,
      2,
      3,
      4,
      5,
      6
    ],
    "per_day_mean_angle": {
      "0": {
        "L20": -2.3981610103361457,
        "L21": -1.5689422281936363
      },
      "1": {
        "L20": -2.713982991433724,
        "L21": -2.2493031944966972
      },
      "2": {
        "L20": -3.007534024061289,
        "L21": 2.9140600419708895
      },
      "3": {
        "L20": 2.381840609182632,
        "L21": 1.7641693614970446
      },
      "4": {
        "L20": -2.897852249806929,
        "L21": 1.5581018941396645
      },
      "5": {
        "L20": -0.29719041557730186,
        "L21": 1.0920797336059966
      },
      "6": {
        "L20": -1.2871236887478539,
        "L21": -0.9911450143172867
      }
    }
  },
  "skip_hops": {
    "L19->L20": {
      "degree": 1,
      "degree_concentration": 0.7502262379125277,
      "isometry_defect": 0.591069933353381,
      "isometry_defect_se": 0.27823819836506697,
      "topology_preserved": false,
      "rotation_offset": 2.696961901699623
    },
    "L20->L21": {
      "degree": 2,
      "degree_concentration": 0.6476690353305329,
      "isometry_defect": 4.681373456787548,
      "isometry_defect_se": 1.4531505429699363,
      "topology_preserved": false,
      "rotation_offset": 2.3905188740948873
    },
    "L19->L21": {
      "degree": 1,
      "degree_concentration": 0.8483977021540295,
      "isometry_defect": 0.4469028933721437,
      "isometry_defect_se": 0.129991659182713,
      "topology_preserved": true,
      "rotation_offset": 2.7482379276337445
    },
    "L20->L22": {
      "degree": 2,
      "degree_concentration": 0.7310154608539595,
      "isometry_defect": 1.465288148705696,
      "isometry_defect_se": 0.6747799497913828,
      "topology_preserved": false,
      "rotation_offset": 1.9536060086487035
    },
    "L19->L22": {
      "degree": 1,
      "degree_concentration": 0.9263006430096419,
      "isometry_defect": 0.16274264557820164,
      "isometry_defect_se": 0.06772626514840684,
      "topology_preserved": false,
      "rotation_offset": 2.3200669089867234
    }
  },
  "n_obs": 70
}