{
  "r2": {
    "L11": 0.6109430503818665,
    "L12": 0.5867589326756298,
    "L13": 0.5906041505215343,
    "L14": 0.5777219508757098,
    "L15": 0.5770259159548868,
    "L16": 0.5683956550654776,
    "L17": 0.571615612001884,
    "L18": 0.5838553860555068,
    "L19": 0.5211544843142119,
    "L20": 0.5727802606058134,
    "L21": 0.556593003302021,
    "L22": 0.5174202769610359,
    "L23": 0.5347760305051067
  },
  "impurity": {
    "L11": {
      "impurity": 16.654651867202247,
      "harmonic_energy": {
        "1": 30.894725284816566,
        "2": 91.41611016723994,
        "3": 178.1079645602824,
        "4": 195.7482617271189,
        "5": 49.26855769682945
      }
    },
    "L12": {
      "impurity": 0.2529992226755345,
      "harmonic_energy": {
        "1": 676.5931107459451,
        "2": 142.0597905924166,
        "3": 7.294330521271772,
        "4": 14.414075237701859,
        "5": 7.409334734955711
      }
    },
    "L13": {
      "impurity": 0.17909915021274686,
      "harmonic_energy": {
        "1": 1180.4289028029143,
        "2": 189.42648082085316,
        "3": 7.586197428359295,
        "4": 2.115937864851201,
        "5": 12.28519726450347
      }
    },
    "L14": {
      "impurity": 0.34430500448240026,
      "harmonic_energy": {
        "1": 2447.1465986661306,
        "2": 513.7713630019774,
        "3": 150.09567712846467,
        "4": 137.8151400140476,
        "5": 40.88264047834283
      }
    },
    "L15": {
      "impurity": 0.11366884543243307,
      "harmonic_energy": {
        "1": 925.817207416745,
        "2": 65.71465321511401,
        "3": 2.5414231542644155,
        "4": 23.793404943905593,
        "5": 13.187091735256793
      }
    },
    "L16": {
      "impurity": 0.9936243344426753,
      "harmonic_energy": {
        "1": 358.32091137929285,
        "2": 26.384088332363017,
        "3": 256.6680034472828,
        "4": 11.938863248657292,
        "5": 61.045422057839595
      }
    },
    "L17": {
      "impurity": 0.3174688364881571,
      "harmonic_energy": {
        "1": 2307.89726817282,
        "2": 705.5073219021648,
        "3": 9.188108330351392,
        "4": 17.589278917795028,
        "5": 0.4007513107102347
      }
    },
    "L18": {
      "impurity": 3.1425015357635813,
      "harmonic_energy": {
        "1": 191.1977350317617,
        "2": 303.4195198580652,
        "3": 2.2182889643346164,
        "4": 226.60961147224705,
        "5": 68.59175567718265
      }
    },
    "L19": {
      "impurity": 1.12256723131803,
      "harmonic_energy": {
        "1": 261.3299258931553,
        "2": 112.1843396469019,
        "3": 19.619758667145604,
        "4": 157.5013916643181,
        "5": 4.054921392059674
      }
    },
    "L20": {
      "impurity": 0.3062003124439753,
      "harmonic_energy": {
        "1": 1196.421286756823,
        "2": 241.9920432419202,
        "3": 34.43685401629007,
        "4": 70.44024755735492,
        "5": 19.475427003996998
      }
    },
    "L21": {
      "impurity": 0.2554356804715611,
      "harmonic_energy": {
        "1": 402.0307299651724,
        "2": 86.87538170360205,
        "3": 2.4209592111032867,
        "4": 7.029758871851693,
        "5": 6.3668932925752095
      }
    },
    "L22": {
      "impurity": 4.548441296495886,
      "harmonic_energy": {
        "1": 186.78717554869337,
        "2": 93.80677569563895,
        "3": 115.95381396325708,
        "4": 32.63847926652875,
        "5": 607.1914339960787
      }
    },
    "L23": {
      "impurity": 0.3956404171517109,
      "harmonic_energy": {
        "1": 71899.01133357818,
        "2": 24903.162433976468,
        "3": 2816.7174364592342,
        "4": 567.7604446962305,
        "5": 158.51452168052862
      }
    }
  },
  "hops": [
    {
      "hop": "L11->L12",
      "degree": -1,
      "degree_concentration": 0.9685990314543734,
      "isometry_defect": 0.7416249001730629,
      "isometry_defect_se": 0.16868623363707339,
      "transport_edf": 12.815233242665276,
      "residual_rms": 0.06566992084320773,
      "rotation_offset": -0.16075237612340015,
      "topology_preserved": false,
      "conformal_departure": 0.2682721166782152,
      "anisotropy": 0.17471200949064697,
      "lin_resid_rms": 0.23312696390799592,
      "det": -0.8821935401988069,
      "sign": "reflection",
      "rigid_circ_rms": 0.2523194553528447,
      "impurity_src": 16.654651867202247,
      "impurity_dst": 0.2529992226755345,
      "impurity_mean": 8.45382554493889,
      "null_defect_mean": 0.6990700211085575,
      "null_defect_sd": 0.49825276757775233,
      "null_conc_mean": 0.09593269620778465,
      "null_conc_sd": 0.021840048222450868,
      "conc_z": 39.957161557432634
    },
    {
      "hop": "L12->L13",
      "degree": 1,
      "degree_concentration": 0.9949844898692431,
      "isometry_defect": 0.004784034773177236,
      "isometry_defect_se": 0.001814420386011367,
      "transport_edf": 6.2153597637832725,
      "residual_rms": 0.04984436028552253,
      "rotation_offset": -0.10684193595821309,
      "topology_preserved": true,
      "conformal_departure": 0.012283881735862581,
      "anisotropy": 0.0086486181873038,
      "lin_resid_rms": 0.09995026654948877,
      "det": 0.993367164655403,
      "sign": "rotation",
      "rigid_circ_rms": 0.10031454011267962,
      "impurity_src": 0.2529992226755345,
      "impurity_dst": 0.17909915021274686,
      "impurity_mean": 0.21604918644414067,
      "null_defect_mean": 0.9409646727025919,
      "null_defect_sd": 0.17894411572499253,
      "null_conc_mean": 0.14228651798175151,
      "null_conc_sd": 0.01039771084325297,
      "conc_z": 82.00824053890705
    },
    {
      "hop": "L13->L14",
      "degree": -1,
      "degree_concentration": 0.9821147803198791,
      "isometry_defect": 0.03348352901652064,
      "isometry_defect_se": 0.011846108710032896,
      "transport_edf": 9.240980402212298,
      "residual_rms": 0.044999711776994064,
      "rotation_offset": -0.18322698097804913,
      "topology_preserved": true,
      "conformal_departure": 0.1338170136097508,
      "anisotropy": 0.0905423504170728,
      "lin_resid_rms": 0.18309198747050356,
      "det": -0.9977480965095411,
      "sign": "reflection",
      "rigid_circ_rms": 0.1896569384223661,
      "impurity_src": 0.17909915021274686,
      "impurity_dst": 0.34430500448240026,
      "impurity_mean": 0.26170207734757356,
      "null_defect_mean": 0.952197908006349,
      "null_defect_sd": 0.10880425580170597,
      "null_conc_mean": 0.2838832177145361,
      "null_conc_sd": 6.722734267267086e-17,
      "conc_z": 698231562.605343
    },
    {
      "hop": "L14->L15",
      "degree": -1,
      "degree_concentration": 0.9934787611316442,
      "isometry_defect": 0.07479616225883005,
      "isometry_defect_se": 0.016929704268092136,
      "transport_edf": 10.222094905689302,
      "residual_rms": 0.04317231203411556,
      "rotation_offset": -0.036334370596110305,
      "topology_preserved": true,
      "conformal_departure": 0.15262422065482267,
      "anisotropy": 0.10268074352513158,
      "lin_resid_rms": 0.10115312495897964,
      "det": -1.0127047198141954,
      "sign": "reflection",
      "rigid_circ_rms": 0.11459983855374467,
      "impurity_src": 0.34430500448240026,
      "impurity_dst": 0.11366884543243307,
      "impurity_mean": 0.22898692495741665,
      "null_defect_mean": 0.9411682122131987,
      "null_defect_sd": 0.09995373549572235,
      "null_conc_mean": 0.241608141589392,
      "null_conc_sd": 8.494596826789864e-17,
      "conc_z": 751870619.5422522
    },
    {
      "hop": "L15->L16",
      "degree": -1,
      "degree_concentration": 0.6310644456681896,
      "isometry_defect": 1.6752963368548104,
      "isometry_defect_se": 0.15052580287085468,
      "transport_edf": 17.780287822486887,
      "residual_rms": 0.04007234469758722,
      "rotation_offset": 1.8003502228669344,
      "topology_preserved": false,
      "conformal_departure": 1.3288255566803204,