{
  "planarity": {
    "L11": 0.4804884457492705,
    "L12": 0.4528212675406631,
    "L13": 0.44127649443280803,
    "L14": 0.4141457540194799,
    "L15": 0.4021230304690665,
    "L16": 0.38036187491803447,
    "L17": 0.37162328603449135,
    "L18": 0.3558148441704343,
    "L19": 0.3492475635689325,
    "L20": 0.36736505486505927,
    "L21": 0.3588965128396684,
    "L22": 0.33976636672080573,
    "L23": 0.372418904451746
  },
  "impurity": {
    "L11": 1.0701009168456694,
    "L12": 1.3196369451592216,
    "L13": 1.2187212270352754,
    "L14": 1.1842302911054408,
    "L15": 1.2069969175531552,
    "L16": 1.1872591362183198,
    "L17": 1.140180213374475,
    "L18": 1.1503546088484735,
    "L19": 1.0958809954807662,
    "L20": 1.102911333118822,
    "L21": 1.1889702911296824,
    "L22": 1.2801874365473156,
    "L23": 1.2246838536917901
  },
  "hops": [
    {
      "hop": "L11->L12",
      "degree": 1,
      "degree_concentration": 0.9960529606988318,
      "isometry_defect": 0.03605252307403834,
      "isometry_defect_se": 0.009118466028829875,
      "transport_edf": 14.826105956882236,
      "residual_rms": 0.020093411829105207,
      "rotation_offset": -0.07351378669950616,
      "conformal_departure": 0.10586490759540745,
      "anisotropy": 0.07225474416101613,
      "lin_resid_rms": 0.08078928101708989,
      "det": 1.0067072210656027,
      "rigid_circ_rms": 0.08891798004763712,
      "sign": 1,
      "phase": -0.07351378669950616,
      "impurity_src": 1.0701009168456694,
      "impurity_dst": 1.3196369451592216,
      "impurity_mean": 1.1948689310024454,
      "null_defect_mean": 0.9537322437827129,
      "null_conc_mean": 0.19059439042765824,
      "null_conc_sd": 1.0539812104219685e-16,
      "conc_gap": 0.8054585702711735
    },
    {
      "hop": "L12->L13",
      "degree": 1,
      "degree_concentration": 0.9995789356090996,
      "isometry_defect": 0.003926762380312769,
      "isometry_defect_se": 0.0012195387836508207,
      "transport_edf": 8.104573327513311,
      "residual_rms": 0.018899368064151913,
      "rotation_offset": -0.004719096437920516,
      "conformal_departure": 0.01381997979279481,
      "anisotropy": 0.009724916683012437,
      "lin_resid_rms": 0.028610876186841553,
      "det": 0.9984383080505457,
      "rigid_circ_rms": 0.02902194878222904,
      "sign": 1,
      "phase": -0.0047190964379205174,
      "impurity_src": 1.3196369451592216,
      "impurity_dst": 1.2187212270352754,
      "impurity_mean": 1.2691790860972485,
      "null_defect_mean": 0.9548039061983047,
      "null_conc_mean": 0.18926689483379291,
      "null_conc_sd": 7.741765939973307e-17,
      "conc_gap": 0.8103120407753067
    },
    {
      "hop": "L13->L14",
      "degree": 1,
      "degree_concentration": 0.9995754478693437,
      "isometry_defect": 0.0017165963555160393,
      "isometry_defect_se": 0.0010027673361425675,
      "transport_edf": 8.72106775824484,
      "residual_rms": 0.015557435927620582,
      "rotation_offset": 0.07712645172435224,
      "conformal_departure": 0.02315131176101283,
      "anisotropy": 0.016238620804804354,
      "lin_resid_rms": 0.027986555388657203,
      "det": 1.0011739652499723,
      "rigid_circ_rms": 0.02914203888800216,
      "sign": 1,
      "phase": 0.07712645172435233,
      "impurity_src": 1.2187212270352754,
      "impurity_dst": 1.1842302911054408,
      "impurity_mean": 1.201475759070358,
      "null_defect_mean": 0.9328102856320177,
      "null_conc_mean": 0.19532497745407795,
      "null_conc_sd": 5.688200336284365e-17,
      "conc_gap": 0.8042504704152658
    },
    {
      "hop": "L14->L15",
      "degree": 1,
      "degree_concentration": 0.9997439249520683,
      "isometry_defect": 0.0005040588465161562,
      "isometry_defect_se": 0.00014470780990112386,
      "transport_edf": 7.031646548861883,
      "residual_rms": 0.011877135861137486,
      "rotation_offset": 0.012559772322051107,
      "conformal_departure": 0.009302757043274103,
      "anisotropy": 0.006556548887411854,
      "lin_resid_rms": 0.022393091210195292,
      "det": 1.000127591287853,
      "rigid_circ_rms": 0.02263196969772139,
      "sign": 1,
      "phase": 0.012559772322051112,
      "impurity_src": 1.1842302911054408,
      "impurity_dst": 1.2069969175531552,
      "impurity_mean": 1.195613604329298,
      "null_defect_mean": 0.8970186738456936,
      "null_conc_mean": 0.18492188079888477,
      "null_conc_sd": 7.119724442439612e-17,
      "conc_gap": 0.8148220441531835
    },
    {
      "hop": "L15->L16",
      "degree": 1,
      "degree_concentration": 0.999899997768678,
      "isometry_defect": 4.435695451530143e-05,
      "isometry_defect_se": 4.365388405170899e-05,
      "transport_edf": 6.45969504427619,
      "residual_rms": 0.01313866041812724,
      "rotation_offset": 0.017176750170577473,
      "conformal_departure": 0.0022132609931822113,
      "anisotropy": 0.0015637891400747926,
      "lin_resid_rms": 0.014120627186118354,
      "det": 0.9996101699956559,
      "rigid_circ_rms": 0.014142773363425279,
      "sign": 1,
      "phase": 0.017176750170577484,
      "impurity_src": 1.2069969175531552,
      "impurity_dst": 1.1872591362183198,
      "impurity_mean": 1.1971280268857374,
      "null_defect_mean": 0.9168974925848505,
      "null_conc_mean": 0.18558307351128533,
      "null_conc_sd": 7.141332153553286e-17,
      "conc_gap": 0.8143169242573927
    },
    {
      "hop": "L16->L17",
      "degree": 1,
      "degree_concentration": 0.9994634618408024,
      "isometry_defect": 0.003428479090603442,
      "isometry_defect_se": 0.0018484493298892817,
      "transport_edf": 11.769356666294044,
      "residual_rms": 0.017479324602116066,
      "rotation_offset": 0.02255886447287603,
      "conformal_departure": 0.03967412229538767,
      "anisotropy": 0.027671145450477407,
      "lin_resid_rms": 0.029642792912840228,
      "det": 1.0021902212328258,
      "rigid_circ_rms": 0.03276160810002501,
      "sign": 1,
      "phase": 0.02255886447287604,
      "impurity_src": 1.1872591362183198,
      "impurity_dst": 1.140180213374475,
      "impurity_mean": 1.1637196747963974,
      "null_defect_mean": 0.9483056771362505,
      "null_conc_mean": 0.18288901008676242,
      "null_conc_sd": 8.34515588764179e-17,
      "conc_gap": 0.81657445175404
    },
    {
      "hop": "L17->L18",
      "degree": 1,
      "degree_concentration": 0.9997860673584607,
      "isometry_defect": 0.0011506715961032187,
      "isometry_defect_se": 0.000697571433335367,
      "transport_edf": 10.139204430996754,
      "residual_rms": 0.01340702134364882,
      "rotation_offset": -0.007962356980730483,
      "conformal_departure": 0.014610383755895765,
      "anisotropy": 0.010278282700833401,
      "lin_resid_rms": 0.020035923610588667,
      "det": 0.9987546914526297,
      "rigid_circ_rms": 0.020685997234236034,
      "sign": 1,
      "phase": -0.007962356980730481,
      "impurity_src": 1.140180213374475,
      "impurity_dst": 1.1503546088484735,
      "impurity_mean": 1.1452674111114742,
      "null_defect_mean": 0.939816703231114,
      "null_conc_mean": 0.17961701757601767,
      "null_conc_sd": 5.952907774921861e-17,
      "conc_gap": 0.820169049782443
    },
    {
      "hop": "L18->L19",
      "degree": 1,
      "degree_concentration": 0.998022535253489,
      "isometry_defect": 0.005171411900778527,
      "isometry_defect_se": 0.0022028089087297435,
      "transport_edf": 11.573695581935306,
      "residual_rms": 0.01843604976280927,
      "rotation_offset": -0.02773497650602158,
      "conformal_departure": 0.056433866228942337,
      "anisotropy": 0.03913943201660504,
      "lin_resid_rms": 0.059642522433796925,
      "det": 0.9997708107403915,
      "rigid_circ_rms": 0.06290522684385301,
      "sign": 1,
      "phase": -0.0277349765060216,
      "impurity_src": 1.1503546088484735,
      "impurity_dst": 1.0958809954807662,
      "impurity_mean": 1.1231178021646198,
      "null_defect_mean": 0.9010568481266163,